Daily activity on Fri Sep 19 12:52:43 UTC 2025
Daily activity on Sat Sep 20 06:20:02 UTC 2025
Daily activity on Sun Sep 21 06:20:40 UTC 2025
Daily activity on Mon Sep 22 06:23:56 UTC 2025
Daily activity on Tue Sep 23 06:22:55 UTC 2025
Daily activity on Wed Sep 24 06:22:33 UTC 2025
Daily activity on Thu Sep 25 06:22:59 UTC 2025
Daily activity on Fri Sep 26 06:22:06 UTC 2025
Daily activity on Sat Sep 27 06:19:30 UTC 2025
Daily activity on Sun Sep 28 06:20:40 UTC 2025
Daily activity on Mon Sep 29 06:24:35 UTC 2025
Daily activity on Tue Sep 30 06:23:16 UTC 2025
Daily activity on Wed Oct  1 06:22:32 UTC 2025
Daily activity on Thu Oct  2 06:22:07 UTC 2025
Daily activity on Fri Oct  3 06:21:37 UTC 2025
Daily activity on Sat Oct  4 06:19:52 UTC 2025
Daily activity on Sun Oct  5 06:19:56 UTC 2025
Daily activity on Mon Oct  6 06:23:11 UTC 2025
Daily activity on Tue Oct  7 06:22:20 UTC 2025
Daily activity on Wed Oct  8 06:22:50 UTC 2025
Daily activity on Thu Oct  9 06:23:20 UTC 2025
Daily activity on Fri Oct 10 06:22:47 UTC 2025
Daily activity on Sat Oct 11 06:19:54 UTC 2025
Daily activity on Sun Oct 12 06:19:54 UTC 2025
Daily activity on Mon Oct 13 06:24:29 UTC 2025
Daily activity on Tue Oct 14 06:23:25 UTC 2025
Daily activity on Wed Oct 15 06:23:03 UTC 2025
Daily activity on Thu Oct 16 06:23:01 UTC 2025
Daily activity on Fri Oct 17 06:22:21 UTC 2025
Daily activity on Sat Oct 18 06:20:35 UTC 2025
Daily activity on Sun Oct 19 06:21:30 UTC 2025
Daily activity on Mon Oct 20 06:24:03 UTC 2025
Daily activity on Tue Oct 21 06:23:28 UTC 2025
Daily activity on Wed Oct 22 06:24:07 UTC 2025
Daily activity on Thu Oct 23 06:23:08 UTC 2025
Daily activity on Fri Oct 24 06:22:09 UTC 2025
Daily activity on Sat Oct 25 06:20:29 UTC 2025
Daily activity on Sun Oct 26 06:21:03 UTC 2025
Daily activity on Mon Oct 27 06:26:15 UTC 2025
Daily activity on Tue Oct 28 06:24:39 UTC 2025
Daily activity on Wed Oct 29 06:24:43 UTC 2025
Daily activity on Thu Oct 30 06:23:00 UTC 2025
Daily activity on Fri Oct 31 06:23:30 UTC 2025
Daily activity on Sat Nov  1 06:20:46 UTC 2025
Daily activity on Sun Nov  2 06:22:05 UTC 2025
Daily activity on Mon Nov  3 06:24:53 UTC 2025
Daily activity on Tue Nov  4 06:24:10 UTC 2025
Daily activity on Wed Nov  5 06:23:49 UTC 2025
Daily activity on Thu Nov  6 06:24:03 UTC 2025
Daily activity on Fri Nov  7 06:23:45 UTC 2025
Daily activity on Sat Nov  8 06:21:03 UTC 2025
Daily activity on Sun Nov  9 06:21:25 UTC 2025
Daily activity on Mon Nov 10 06:26:28 UTC 2025
Daily activity on Tue Nov 11 06:24:16 UTC 2025
Daily activity on Wed Nov 12 06:24:22 UTC 2025
Daily activity on Thu Nov 13 06:24:44 UTC 2025
Daily activity on Fri Nov 14 06:24:03 UTC 2025
Daily activity on Sat Nov 15 06:21:56 UTC 2025
Daily activity on Sun Nov 16 06:22:33 UTC 2025
Daily activity on Mon Nov 17 06:25:19 UTC 2025
Daily activity on Tue Nov 18 06:24:11 UTC 2025
Daily activity on Wed Nov 19 06:24:09 UTC 2025
Daily activity on Thu Nov 20 06:23:29 UTC 2025
Daily activity on Fri Nov 21 06:24:57 UTC 2025
Daily activity on Sat Nov 22 06:21:02 UTC 2025
Daily activity on Sun Nov 23 06:22:29 UTC 2025
Daily activity on Mon Nov 24 06:25:25 UTC 2025
Daily activity on Tue Nov 25 06:25:33 UTC 2025
Daily activity on Wed Nov 26 06:25:06 UTC 2025
Daily activity on Thu Nov 27 06:25:31 UTC 2025
Daily activity on Fri Nov 28 06:25:25 UTC 2025
Daily activity on Sat Nov 29 06:22:42 UTC 2025
Daily activity on Sun Nov 30 06:23:36 UTC 2025
Daily activity on Mon Dec  1 06:27:33 UTC 2025
Daily activity on Tue Dec  2 06:26:25 UTC 2025
Daily activity on Wed Dec  3 06:26:14 UTC 2025
Daily activity on Thu Dec  4 06:26:08 UTC 2025
Daily activity on Fri Dec  5 06:25:42 UTC 2025
Daily activity on Sat Dec  6 06:22:33 UTC 2025
Daily activity on Sun Dec  7 06:22:19 UTC 2025
Daily activity on Mon Dec  8 06:28:22 UTC 2025
Daily activity on Tue Dec  9 06:26:31 UTC 2025
Daily activity on Wed Dec 10 06:26:55 UTC 2025
Daily activity on Thu Dec 11 06:27:37 UTC 2025
Daily activity on Fri Dec 12 06:27:00 UTC 2025
Daily activity on Sat Dec 13 06:23:43 UTC 2025
Daily activity on Sun Dec 14 06:23:42 UTC 2025
Daily activity on Mon Dec 15 06:28:52 UTC 2025
Daily activity on Tue Dec 16 06:27:15 UTC 2025
Daily activity on Wed Dec 17 06:26:42 UTC 2025
Daily activity on Thu Dec 18 06:26:36 UTC 2025
Daily activity on Fri Dec 19 06:26:02 UTC 2025
Daily activity on Sat Dec 20 06:25:06 UTC 2025
Daily activity on Sun Dec 21 06:24:30 UTC 2025
Daily activity on Mon Dec 22 06:28:23 UTC 2025
Daily activity on Tue Dec 23 06:27:21 UTC 2025
Daily activity on Wed Dec 24 06:27:18 UTC 2025
Daily activity on Thu Dec 25 06:26:49 UTC 2025
Daily activity on Fri Dec 26 06:26:23 UTC 2025
Daily activity on Sat Dec 27 06:24:36 UTC 2025
Daily activity on Sun Dec 28 06:25:15 UTC 2025
Daily activity on Mon Dec 29 06:29:02 UTC 2025
Daily activity on Tue Dec 30 06:26:48 UTC 2025
Daily activity on Wed Dec 31 06:27:05 UTC 2025
